{
  "all-mpnet-base-v2": {
    "1": 0.5084166666666675,
    "5": 0.48173333333333324,
    "10": 0.4663216666666667,
    "20": 0.45222749999999995,
    "30": 0.4450600000000002
  },
  "multi-qa-mpnet-base-dot-v1": {
    "1": 0.5905000000000008,
    "5": 0.5406133333333335,
    "10": 0.508005,
    "20": 0.4821075000000003,
    "30": 0.4714583333333335
  },
  "all-distilroberta-v1": {
    "1": 0.5580166666666677,
    "5": 0.5262900000000005,
    "10": 0.5112883333333335,
    "20": 0.4965033333333329,
    "30": 0.48713277777777786
  },
  "all-MiniLM-L12-v2": {
    "1": 0.5147333333333337,
    "5": 0.4980999999999999,
    "10": 0.48556666666666715,
    "20": 0.4669391666666674,
    "30": 0.45448111111111095
  },
  "multi-qa-distilbert-cos-v1": {
    "1": 0.4798833333333343,
    "5": 0.5225933333333332,
    "10": 0.5107799999999999,
    "20": 0.49577416666666674,
    "30": 0.48519666666666694
  },
  "all-MiniLM-L6-v2": {
    "1": 0.5875833333333337,
    "5": 0.5646900000000002,
    "10": 0.5437849999999996,
    "20": 0.519210833333333,
    "30": 0.5026244444444445
  },
  "multi-qa-MiniLM-L6-cos-v1": {
    "1": 0.5646000000000012,
    "5": 0.5499900000000001,
    "10": 0.5338533333333337,
    "20": 0.5088533333333332,
    "30": 0.4933688888888887
  },
  "paraphrase-multilingual-mpnet-base-v2": {
    "1": 0.48890000000000006,
    "5": 0.47337999999999997,
    "10": 0.4569966666666671,
    "20": 0.44378916666666657,
    "30": 0.43639666666666665
  },
  "paraphrase-albert-small-v2": {
    "1": 0.5263833333333344,
    "5": 0.4994000000000002,
    "10": 0.4827566666666662,
    "20": 0.4628574999999997,
    "30": 0.45104666666666676
  },
  "paraphrase-multilingual-MiniLM-L12-v2": {
    "1": 0.5180000000000011,
    "5": 0.4873166666666668,
    "10": 0.4734183333333336,
    "20": 0.4602550000000001,
    "30": 0.4513188888888889
  },
  "paraphrase-MiniLM-L3-v2": {
    "1": 0.46540000000000065,
    "5": 0.43968333333333326,
    "10": 0.43129,
    "20": 0.4261325,
    "30": 0.4241516666666664
  },
  "distiluse-base-multilingual-cased-v1": {
    "1": 0.5989500000000005,
    "5": 0.5496133333333332,
    "10": 0.519745,
    "20": 0.4890958333333333,
    "30": 0.4741211111111108
  },
  "distiluse-base-multilingual-cased-v2": {
    "1": 0.5304500000000014,
    "5": 0.4912966666666662,
    "10": 0.47335666666666654,
    "20": 0.45419000000000065,
    "30": 0.44419166666666654
  }
}