{
  "Meta-Llama-3.2-1B-Instruct": {
    "1": 0.5618666666666673,
    "5": 0.5721600000000003
  },
  "Meta-Llama-3.1-8B-Instruct": {
    "1": 0.7029666666666655,
    "5": 0.6978800000000002
  },
  "Meta-Llama-3.3-70B-Instruct": {
    "1": 0.5794000000000004,
    "5": 0.5618900000000001
  },
  "Llama-4-Scout-17B-16E-Instruct": {
    "1": 0.5731166666666677,
    "5": 0.5391300000000002
  }
}