{
  "all-mpnet-base-v2": {
    "1": 0.6737499999999991,
    "5": 0.6721133333333337,
    "10": 0.667586666666667,
    "20": 0.6602866666666668,
    "30": 0.6580511111111111
  },
  "multi-qa-mpnet-base-dot-v1": {
    "1": 0.7187499999999986,
    "5": 0.7064400000000001,
    "10": 0.7015300000000005,
    "20": 0.6971416666666673,
    "30": 0.6945133333333339
  },
  "all-distilroberta-v1": {
    "1": 0.6841333333333327,
    "5": 0.6797033333333335,
    "10": 0.6731950000000004,
    "20": 0.6680483333333335,
    "30": 0.6656227777777782
  },
  "all-MiniLM-L12-v2": {
    "1": 0.6677166666666658,
    "5": 0.6636366666666673,
    "10": 0.6589733333333332,
    "20": 0.6546475000000002,
    "30": 0.6522888888888887
  },
  "multi-qa-distilbert-cos-v1": {
    "1": 0.7066499999999991,
    "5": 0.7088333333333339,
    "10": 0.7065833333333336,
    "20": 0.6987033333333338,
    "30": 0.6931399999999998
  },
  "all-MiniLM-L6-v2": {
    "1": 0.7181166666666653,
    "5": 0.6977900000000004,
    "10": 0.6913733333333333,
    "20": 0.6872591666666666,
    "30": 0.6839788888888882
  },
  "multi-qa-MiniLM-L6-cos-v1": {
    "1": 0.7163499999999986,
    "5": 0.7182233333333337,
    "10": 0.7120266666666676,
    "20": 0.7032958333333339,
    "30": 0.7002438888888886
  },
  "paraphrase-multilingual-mpnet-base-v2": {
    "1": 0.6850499999999989,
    "5": 0.6811300000000002,
    "10": 0.6749733333333339,
    "20": 0.6681091666666668,
    "30": 0.6665644444444447
  },
  "paraphrase-albert-small-v2": {
    "1": 0.6599166666666662,
    "5": 0.6597733333333335,
    "10": 0.6603433333333337,
    "20": 0.6550541666666669,
    "30": 0.6531883333333333
  },
  "paraphrase-multilingual-MiniLM-L12-v2": {
    "1": 0.6501500000000001,
    "5": 0.6461666666666674,
    "10": 0.6431800000000001,
    "20": 0.6342166666666665,
    "30": 0.631052777777778
  },
  "paraphrase-MiniLM-L3-v2": {
    "1": 0.6548666666666667,
    "5": 0.6506433333333337,
    "10": 0.645221666666667,
    "20": 0.6387516666666667,
    "30": 0.6347711111111118
  },
  "distiluse-base-multilingual-cased-v1": {
    "1": 0.6918499999999989,
    "5": 0.6775833333333339,
    "10": 0.6778383333333343,
    "20": 0.6736958333333336,
    "30": 0.6707538888888888
  },
  "distiluse-base-multilingual-cased-v2": {
    "1": 0.6813499999999989,
    "5": 0.6598666666666668,
    "10": 0.6528966666666671,
    "20": 0.6463691666666666,
    "30": 0.6432405555555557
  }
}